INSERT INTO chamado (id, dtcriacao, status,id_cliente) VALUES
(4, '2023-09-01 11:18:29', 'FINALIZADO', 3),
(5, '2023-09-01 14:27:29', 'FINALIZADO', 4),
(6, '2023-09-04 12:36:29', 'FILA', 5),
(7, '2023-09-05 17:45:29', 'PROCESSANDO', 6),
(8, '2023-09-05 15:54:29', 'FINALIZADO', 7),
(9, '2023-09-06 12:13:29', 'FILA', 8),
(10, '2023-09-07 13:22:29', 'FILA', 9),
(11, '2023-09-08 16:31:29', 'PROCESSANDO', 10),
(12, '2023-09-11 14:49:29', 'FINALIZADO', 11),
(13, '2023-09-12 13:58:29', 'FILA', 12),
(14, '2023-09-12 14:17:29', 'PROCESSANDO', 13),
(15, '2023-09-13 13:26:29', 'FINALIZADO', 14),
(16, '2023-09-14 11:35:29', 'FINALIZADO', 15),
(17, '2023-09-15 13:45:29', 'FILA', 16),
(18, '2023-09-15 13:54:29', 'FINALIZADO', 17),
(19, '2023-09-18 15:23:29', 'FILA', 18),
(20, '2023-09-19 14:12:29', 'FILA', 19),
(21, '2023-09-19 13:41:29', 'FILA', 20);


INSERT INTO ocorrencia_ct (sku, status,serial, id_chamado, descricao) VALUES 
('ER3001','PENDENTE','35810742459021', 4,'Sed ut perspiciatis unde omnis iste natus error sit voluptatem accusantium doloremque laudantium, totam rem aperiam, eaque ipsa quae ab illo inventore veritatis et quasi architecto beatae vitae dicta sunt explicabo. Nemo enim ipsam voluptatem quia voluptas sit aspernatur aut odit aut fugit, sed quia consequuntur magni dolores eos qui sed quia consequuntur magni dolores eos qui sed quia consequunaa'),
('ER839800-02','AVALIANDO','44554443583669', 5,'Sed ut perspiciatis unde omnis iste natus error sit voluptatem accusantium doloremque laudantium, totam rem aperiam, eaque ipsa quae ab illo inventore veritatis et quasi architecto beatae vitae dicta sunt explicabo. Nemo enim ipsam voluptatem quia voluptas sit aspernatur aut odit aut fugit, sed quia consequuntur magni dolores eos qui sed quia consequuntur magni dolores eos qui sed quia consequunaa'),
('ER727','PENDENTE','58533909538718', 6,'Sed ut perspiciatis unde omnis iste natus error sit voluptatem accusantium doloremque laudantium, totam rem aperiam, eaque ipsa quae ab illo inventore veritatis et quasi architecto beatae vitae dicta sunt explicabo. Nemo enim ipsam voluptatem quia voluptas sit aspernatur aut odit aut fugit, sed quia consequuntur magni dolores eos qui sed quia consequuntur magni dolores eos qui sed quia consequunaa'),
('ER7662','AVALIANDO','35051414240058', 7,'Sed ut perspiciatis unde omnis iste natus error sit voluptatem accusantium doloremque laudantium, totam rem aperiam, eaque ipsa quae ab illo inventore veritatis et quasi architecto beatae vitae dicta sunt explicabo. Nemo enim ipsam voluptatem quia voluptas sit aspernatur aut odit aut fugit, sed quia consequuntur magni dolores eos qui sed quia consequuntur magni dolores eos qui sed quia consequunaa'),
('ER3001','PENDENTE','35810742459021', 8,'Sed ut perspiciatis unde omnis iste natus error sit voluptatem accusantium doloremque laudantium, totam rem aperiam, eaque ipsa quae ab illo inventore veritatis et quasi architecto beatae vitae dicta sunt explicabo. Nemo enim ipsam voluptatem quia voluptas sit aspernatur aut odit aut fugit, sed quia consequuntur magni dolores eos qui sed quia consequuntur magni dolores eos qui sed quia consequunaa'),
('ER839800-02','AVALIANDO','44554443583669', 9,'Sed ut perspiciatis unde omnis iste natus error sit voluptatem accusantium doloremque laudantium, totam rem aperiam, eaque ipsa quae ab illo inventore veritatis et quasi architecto beatae vitae dicta sunt explicabo. Nemo enim ipsam voluptatem quia voluptas sit aspernatur aut odit aut fugit, sed quia consequuntur magni dolores eos qui sed quia consequuntur magni dolores eos qui sed quia consequunaa'),
('ER727','PENDENTE','58533909538718', 10,'Sed ut perspiciatis unde omnis iste natus error sit voluptatem accusantium doloremque laudantium, totam rem aperiam, eaque ipsa quae ab illo inventore veritatis et quasi architecto beatae vitae dicta sunt explicabo. Nemo enim ipsam voluptatem quia voluptas sit aspernatur aut odit aut fugit, sed quia consequuntur magni dolores eos qui sed quia consequuntur magni dolores eos qui sed quia consequunaa'),
('ER7662','AVALIANDO','35051414240058', 11,'Sed ut perspiciatis unde omnis iste natus error sit voluptatem accusantium doloremque laudantium, totam rem aperiam, eaque ipsa quae ab illo inventore veritatis et quasi architecto beatae vitae dicta sunt explicabo. Nemo enim ipsam voluptatem quia voluptas sit aspernatur aut odit aut fugit, sed quia consequuntur magni dolores eos qui sed quia consequuntur magni dolores eos qui sed quia consequunaa'),
('ER3001','PENDENTE','35810742459021', 12,'Sed ut perspiciatis unde omnis iste natus error sit voluptatem accusantium doloremque laudantium, totam rem aperiam, eaque ipsa quae ab illo inventore veritatis et quasi architecto beatae vitae dicta sunt explicabo. Nemo enim ipsam voluptatem quia voluptas sit aspernatur aut odit aut fugit, sed quia consequuntur magni dolores eos qui sed quia consequuntur magni dolores eos qui sed quia consequunaa'),
('ER839800-02','AVALIANDO','44554443583669', 13,'Sed ut perspiciatis unde omnis iste natus error sit voluptatem accusantium doloremque laudantium, totam rem aperiam, eaque ipsa quae ab illo inventore veritatis et quasi architecto beatae vitae dicta sunt explicabo. Nemo enim ipsam voluptatem quia voluptas sit aspernatur aut odit aut fugit, sed quia consequuntur magni dolores eos qui sed quia consequuntur magni dolores eos qui sed quia consequunaa'),
('ER727','PENDENTE','58533909538718', 14,'Sed ut perspiciatis unde omnis iste natus error sit voluptatem accusantium doloremque laudantium, totam rem aperiam, eaque ipsa quae ab illo inventore veritatis et quasi architecto beatae vitae dicta sunt explicabo. Nemo enim ipsam voluptatem quia voluptas sit aspernatur aut odit aut fugit, sed quia consequuntur magni dolores eos qui sed quia consequuntur magni dolores eos qui sed quia consequunaa'),
('ER7662','AVALIANDO','35051414240058', 15,'Sed ut perspiciatis unde omnis iste natus error sit voluptatem accusantium doloremque laudantium, totam rem aperiam, eaque ipsa quae ab illo inventore veritatis et quasi architecto beatae vitae dicta sunt explicabo. Nemo enim ipsam voluptatem quia voluptas sit aspernatur aut odit aut fugit, sed quia consequuntur magni dolores eos qui sed quia consequuntur magni dolores eos qui sed quia consequunaa'),
('ER3001','PENDENTE','35810742459021', 16,'Sed ut perspiciatis unde omnis iste natus error sit voluptatem accusantium doloremque laudantium, totam rem aperiam, eaque ipsa quae ab illo inventore veritatis et quasi architecto beatae vitae dicta sunt explicabo. Nemo enim ipsam voluptatem quia voluptas sit aspernatur aut odit aut fugit, sed quia consequuntur magni dolores eos qui sed quia consequuntur magni dolores eos qui sed quia consequunaa'),
('ER839800-02','AVALIANDO','44554443583669', 17,'Sed ut perspiciatis unde omnis iste natus error sit voluptatem accusantium doloremque laudantium, totam rem aperiam, eaque ipsa quae ab illo inventore veritatis et quasi architecto beatae vitae dicta sunt explicabo. Nemo enim ipsam voluptatem quia voluptas sit aspernatur aut odit aut fugit, sed quia consequuntur magni dolores eos qui sed quia consequuntur magni dolores eos qui sed quia consequunaa'),
('ER727','PENDENTE','58533909538718', 18,'Sed ut perspiciatis unde omnis iste natus error sit voluptatem accusantium doloremque laudantium, totam rem aperiam, eaque ipsa quae ab illo inventore veritatis et quasi architecto beatae vitae dicta sunt explicabo. Nemo enim ipsam voluptatem quia voluptas sit aspernatur aut odit aut fugit, sed quia consequuntur magni dolores eos qui sed quia consequuntur magni dolores eos qui sed quia consequunaa'),
('ER7662','AVALIANDO','35051414240058', 19,'Sed ut perspiciatis unde omnis iste natus error sit voluptatem accusantium doloremque laudantium, totam rem aperiam, eaque ipsa quae ab illo inventore veritatis et quasi architecto beatae vitae dicta sunt explicabo. Nemo enim ipsam voluptatem quia voluptas sit aspernatur aut odit aut fugit, sed quia consequuntur magni dolores eos qui sed quia consequuntur magni dolores eos qui sed quia consequunaa'),
('ER3001','PENDENTE','35810742459021', 20,'Sed ut perspiciatis unde omnis iste natus error sit voluptatem accusantium doloremque laudantium, totam rem aperiam, eaque ipsa quae ab illo inventore veritatis et quasi architecto beatae vitae dicta sunt explicabo. Nemo enim ipsam voluptatem quia voluptas sit aspernatur aut odit aut fugit, sed quia consequuntur magni dolores eos qui sed quia consequuntur magni dolores eos qui sed quia consequunaa'),
('ER839800-02','AVALIANDO','44554443583669', 21,'Sed ut perspiciatis unde omnis iste natus error sit voluptatem accusantium doloremque laudantium, totam rem aperiam, eaque ipsa quae ab illo inventore veritatis et quasi architecto beatae vitae dicta sunt explicabo. Nemo enim ipsam voluptatem quia voluptas sit aspernatur aut odit aut fugit, sed quia consequuntur magni dolores eos qui sed quia consequuntur magni dolores eos qui sed quia consequunaa');

INSERT INTO chamado_contato (id_chamado, id_contato) VALUES
(3, 3),
(4, 4),
(5, 5),
(6, 6),
(7, 7),
(8, 8),
(9, 9),
(10, 10),
(11, 11),
(12, 12),
(13, 13),
(14, 14),
(15, 15),
(16, 16),
(17, 17),
(18, 18),
(19, 19),
(20, 20),
(21, 20);

